Item_ID,matrix_verb,context,ground_truth,context_prime,sentence,sentence_type,question,idx,gender,speaker,other_person,correct,model_pred,model_name
T01D,iste,"Merhaba, ben SPEAKER. Ankara'da yaşayan bir öğrenciyim. NAMENull diye bir arkadaşım var. NAMENull çok bencil bir insandır. NAMENull her zaman diğer insanlardan daha başarılı olmak ister. Yarın çok önemli bir sınavımız var.",speaker,shifted,NAMENull yarınki sınavı kazanmamı istiyor.,nominalized,NAMENull sınavı kimin kazanmasını istiyor?,1,f,İdil,Sinem,True,speaker,Trendyol/Trendyol-LLM-7b-base-v0.1
T01C,iste,"Merhaba, ben SPEAKER. Ankara'da yaşayan bir öğrenciyim. NAMENull diye bir arkadaşım var. NAMENull çok yardımsever bir insandır. NAMENull her zaman benim başarımı önemser. Yarın çok önemli bir sınavımız var.",speaker,speaker,NAMENull yarınki sınavı kazanmamı istiyor.,nominalized,NAMENull sınavı kimin kazanmasını istiyor?,1,m,Serkan,Furkan,False,shifted,Trendyol/Trendyol-LLM-7b-base-v0.1
T01A,iste,"Merhaba, ben SPEAKER. Ankara'da yaşayan bir öğrenciyim. NAMENull diye bir arkadaşım var. NAMENull çok yardımsever bir insandır. NAMENull her zaman benim başarımı önemser. Yarın çok önemli bir sınavımız var.",speaker,speaker,NAMENull yarınki sınavı kazanayım istiyor.,finite,NAMENull sınavı kimin kazanmasını istiyor?,1,m,Taner,Berk,False,shifted,Trendyol/Trendyol-LLM-7b-base-v0.1
T01B,iste,"Merhaba, ben SPEAKER. Ankara'da yaşayan bir öğrenciyim. NAMENull diye bir arkadaşım var. NAMENull çok bencil bir insandır. NAMENull her zaman diğer insanlardan daha başarılı olmak ister. Yarın çok önemli bir sınavımız var.",shifted,shifted,NAMENull yarınki sınavı kazanayım istiyor.,finite,NAMENull sınavı kimin kazanmasını istiyor?,1,f,Kübra,Ezgi,False,speaker,Trendyol/Trendyol-LLM-7b-base-v0.1
T02A,iste,"Merhaba, ben SPEAKER. Ankara'da yaşayan bir öğrenciyim. NAMENull diye bir arkadaşım var. NAMENull insanlara gezilecek yerler konusunda öneriler vermeyi çok sever. İstanbul'da benim çok sevebileceğim şeyler olduğunu söyledi.",speaker,speaker,NAMENull İstanbul'a gideyim istiyor.,finite,NAMENull kimin İstanbul'a gitmesini istiyor?,2,f,Seda,Gizem,True,speaker,Trendyol/Trendyol-LLM-7b-base-v0.1
T02B,iste,"Merhaba, ben SPEAKER. Ankara'da yaşayan bir öğrenciyim. NAMENull diye bir arkadaşım var. NAMENull İstanbul ile ilgili belgeseller izlemiş. NAMENull İstanbul'a giderse çok eğlenebileceğini düşünüyor.",shifted,shifted,NAMENull İstanbul'a gideyim istiyor.,finite,NAMENull kimin İstanbul'a gitmesini istiyor?,2,m,Anıl,Mert,False,speaker,Trendyol/Trendyol-LLM-7b-base-v0.1
T02C,iste,"Merhaba, ben SPEAKER. Ankara'da yaşayan bir öğrenciyim. NAMENull diye bir arkadaşım var. NAMENull insanlara gezilecek yerler konusunda öneriler vermeyi çok sever. İstanbul'da benim çok sevebileceğim şeyler olduğunu söyledi.",speaker,speaker,NAMENull İstanbul'a gitmemi istiyor.,nominalized,NAMENull kimin İstanbul'a gitmesini istiyor?,2,m,Taner,Berk,False,shifted,Trendyol/Trendyol-LLM-7b-base-v0.1
T03A,iste,"Merhaba, ben SPEAKER. Ankara'da yaşayan bir öğrenciyim. NAMENull diye bir arkadaşım var. NAMENull okulunu 4 sene önce bitirdi ve hayatından çok memnun. NAMENull benim de okulu bitirmemin çok iyi olacağını söylüyor.",speaker,speaker,NAMENull okulu bitireyim istiyor.,finite,NAMENull kimin okulu bitirmesini istiyor?,3,f,Sena,Elif,False,shifted,Trendyol/Trendyol-LLM-7b-base-v0.1
T03B,iste,"Merhaba, ben SPEAKER. Ankara'da yaşayan bir öğrenciyim. NAMENull diye bir arkadaşım var. NAMENull 6 yıldır okulunu bitiremiyor ve bu yüzden hayatından hiç memnun değil. NAMENull okulu bitirmesinin çok iyi olacağını söylüyor.",shifted,shifted,NAMENull okulu bitireyim istiyor.,finite,NAMENull kimin okulu bitirmesini istiyor?,3,f,Hilal,Ayşe,True,shifted,Trendyol/Trendyol-LLM-7b-base-v0.1
T03C,iste,"Merhaba, ben SPEAKER. Ankara'da yaşayan bir öğrenciyim. NAMENull diye bir arkadaşım var. NAMENull okulunu 4 sene önce bitirdi ve hayatından çok memnun. NAMENull benim de okulu bitirmemin çok iyi olacağını söylüyor.",speaker,speaker,NAMENull okulu bitirmemi istiyor.,nominalized,NAMENull kimin okulu bitirmesini istiyor?,3,m,Sinan,Yavuz,False,shifted,Trendyol/Trendyol-LLM-7b-base-v0.1
T03D,iste,"Merhaba, ben SPEAKER. Ankara'da yaşayan bir öğrenciyim. NAMENull diye bir arkadaşım var. NAMENull 6 yıldır okulunu bitiremiyor ve bu yüzden hayatından hiç memnun değil. NAMENull okulu bitirmesinin çok iyi olacağını söylüyor.",speaker,shifted,NAMENull okulu bitirmemi istiyor.,nominalized,NAMENull kimin okulu bitirmesini istiyor?,3,f,Melisa,Ebrar,True,speaker,Trendyol/Trendyol-LLM-7b-base-v0.1
T04A,iste,"Merhaba, ben SPEAKER. Ankara'da yaşayan bir öğrenciyim. NAMENull diye bir arkadaşım var. NAMENull 3 senedir bir şirkette çalışıyor ve hayatından çok memnun. NAMENull benim de bir iş bulmamın çok iyi olacağını söylüyor.",speaker,speaker,NAMENull iş bulayım istiyor.,finite,NAMENull kimin iş bulmasını istiyor?,4,m,Tolga,Emir,False,shifted,Trendyol/Trendyol-LLM-7b-base-v0.1
T04B,iste,"Merhaba, ben SPEAKER. Ankara'da yaşayan bir öğrenciyim. NAMENull diye bir arkadaşım var. NAMENull 3 senedir işsiz ve hayatından hiç çok memnun değil. NAMENull bir iş bulmasının çok iyi olacağını söylüyor.",shifted,shifted,NAMENull iş bulayım istiyor.,finite,NAMENull kimin iş bulmasını istiyor?,4,f,Müge,Esra,False,speaker,Trendyol/Trendyol-LLM-7b-base-v0.1
T04D,iste,"Merhaba, ben SPEAKER. Ankara'da yaşayan bir öğrenciyim. NAMENull diye bir arkadaşım var. NAMENull 3 senedir işsiz ve hayatından hiç çok memnun değil. NAMENull bir iş bulmasının çok iyi olacağını söylüyor.",speaker,shifted,NAMENull iş bulmamı istiyor.,nominalized,NAMENull kimin iş bulmasını istiyor?,4,f,İrem,Cansu,True,speaker,Trendyol/Trendyol-LLM-7b-base-v0.1
T04C,iste,"Merhaba, ben SPEAKER. Ankara'da yaşayan bir öğrenciyim. NAMENull diye bir arkadaşım var. NAMENull 3 senedir bir şirkette çalışıyor ve hayatından çok memnun. NAMENull benim de bir iş bulmamın çok iyi olacağını söylüyor.",speaker,speaker,NAMENull iş bulmamı istiyor.,nominalized,NAMENull kimin iş bulmasını istiyor?,4,f,Selin,Simge,True,speaker,Trendyol/Trendyol-LLM-7b-base-v0.1
T05C,iste,"Merhaba, ben SPEAKER. Ankara'da yaşayan bir öğrenciyim. NAMENull diye bir arkadaşım var. NAMENull evliliğin insanları çok mutlu ettiğini söylüyor. NAMENull bana sürekli evlenmemi öneriyor.",speaker,speaker,NAMENull evlenmemi istiyor.,nominalized,NAMENull kimin evlenmesini istiyor?,5,m,Batuhan,Ömer,False,shifted,Trendyol/Trendyol-LLM-7b-base-v0.1
T05B,iste,"Merhaba, ben SPEAKER. Ankara'da yaşayan bir öğrenciyim. NAMENull diye bir arkadaşım var. NAMENull bekar olmaktan hiç mutlu değil. NAMENull evlenirse çok mutlu bir hayatı olabileceğini düşünüyor.",shifted,shifted,NAMENull evleneyim istiyor.,finite,NAMENull kimin evlenmesini istiyor?,5,f,İrem,Cansu,True,shifted,Trendyol/Trendyol-LLM-7b-base-v0.1
T05A,iste,"Merhaba, ben SPEAKER. Ankara'da yaşayan bir öğrenciyim. NAMENull diye bir arkadaşım var. NAMENull evliliğin insanları çok mutlu ettiğini söylüyor. NAMENull bana sürekli evlenmemi öneriyor.",speaker,speaker,NAMENull evleneyim istiyor.,finite,NAMENull kimin evlenmesini istiyor?,5,f,Selin,Simge,False,shifted,Trendyol/Trendyol-LLM-7b-base-v0.1
T05D,iste,"Merhaba, ben SPEAKER. Ankara'da yaşayan bir öğrenciyim. NAMENull diye bir arkadaşım var. NAMENull bekar olmaktan hiç mutlu değil. NAMENull evlenirse çok mutlu bir hayatı olabileceğini düşünüyor.",speaker,shifted,NAMENull evlenmemi istiyor.,nominalized,NAMENull kimin evlenmesini istiyor?,5,f,Ebrar,Tuğçe,False,shifted,Trendyol/Trendyol-LLM-7b-base-v0.1
T06A,iste,"Merhaba, ben SPEAKER. Ankara'da yaşayan bir öğrenciyim. NAMENull diye bir arkadaşım var. NAMENull daha önceden suşi yemiş ve çok beğenmiş. NAMENull bana da kesinlikle suşinin tadına bakmam gerektiğini söylüyor.",speaker,speaker,NAMENull suşi deneyeyim istiyor.,finite,NAMENull kimin suşi denemesini istiyor?,6,m,Ali,Samet,False,shifted,Trendyol/Trendyol-LLM-7b-base-v0.1
T06B,iste,"Merhaba, ben SPEAKER. Ankara'da yaşayan bir öğrenciyim. NAMENull diye bir arkadaşım var. NAMENull daha önceden hiç suşi yememiş. NAMENull suşinin tadını çok merak ediyor.",shifted,shifted,NAMENull suşi deneyeyim istiyor.,finite,NAMENull kimin suşi denemesini istiyor?,6,m,Kenan,Emre,True,shifted,Trendyol/Trendyol-LLM-7b-base-v0.1
T06D,iste,"Merhaba, ben SPEAKER. Ankara'da yaşayan bir öğrenciyim. NAMENull diye bir arkadaşım var. NAMENull daha önceden hiç suşi yememiş. NAMENull suşinin tadını çok merak ediyor.",speaker,shifted,NAMENull suşi denememi istiyor.,nominalized,NAMENull kimin suşi denemesini istiyor?,6,f,Hilal,Ayşe,False,shifted,Trendyol/Trendyol-LLM-7b-base-v0.1
T06C,iste,"Merhaba, ben SPEAKER. Ankara'da yaşayan bir öğrenciyim. NAMENull diye bir arkadaşım var. NAMENull daha önceden suşi yemiş ve çok beğenmiş. NAMENull bana da kesinlikle suşinin tadına bakmam gerektiğini söylüyor.",speaker,speaker,NAMENull suşi denememi istiyor.,nominalized,NAMENull kimin suşi denemesini istiyor?,6,f,Melisa,Ebrar,False,shifted,Trendyol/Trendyol-LLM-7b-base-v0.1
T07A,iste,"Merhaba, ben SPEAKER. Ankara'da yaşayan bir öğrenciyim. NAMENull diye bir arkadaşım var. NAMENull ve ben okul başkanı olmak için seçime girdik. NAMENull benim kendisinden daha iyi bir aday olduğumu düşünüyor ve seçimi kazanmayı benim hakettiğimi söylüyor. NAMENull seçimde beni destekliyor.",speaker,speaker,NAMENull seçimi kazanayım istiyor.,finite,NAMENull seçimi kimin kazanmasını istiyor?,7,m,Burak,Can,True,speaker,Trendyol/Trendyol-LLM-7b-base-v0.1
T07B,iste,"Merhaba, ben SPEAKER. Ankara'da yaşayan bir öğrenciyim. NAMENull diye bir arkadaşım var. NAMENull ve ben okul başkanı olmak için seçime girdik. NAMENull seçimi kazanmayı hak ettiğini düşünüyor ve insanlara sürekli beni kötülüyor.",shifted,shifted,NAMENull seçimi kazanayım istiyor.,finite,NAMENull seçimi kimin kazanmasını istiyor?,7,m,Yusuf,Arif,True,shifted,Trendyol/Trendyol-LLM-7b-base-v0.1
T07D,iste,"Merhaba, ben SPEAKER. Ankara'da yaşayan bir öğrenciyim. NAMENull diye bir arkadaşım var. NAMENull ve ben okul başkanı olmak için seçime girdik. NAMENull seçimi kazanmayı hak ettiğini düşünüyor ve insanlara sürekli beni kötülüyor.",speaker,shifted,NAMENull seçimi kazanmamı istiyor.,nominalized,NAMENull seçimi kimin kazanmasını istiyor?,7,f,Selin,Simge,False,shifted,Trendyol/Trendyol-LLM-7b-base-v0.1
T07C,iste,"Merhaba, ben SPEAKER. Ankara'da yaşayan bir öğrenciyim. NAMENull diye bir arkadaşım var. NAMENull ve ben okul başkanı olmak için seçime girdik. NAMENull benim kendisinden daha iyi bir aday olduğumu düşünüyor ve seçimi kazanmayı benim hakettiğimi söylüyor. NAMENull seçimde beni destekliyor.",speaker,speaker,NAMENull seçimi kazanmamı istiyor.,nominalized,NAMENull seçimi kimin kazanmasını istiyor?,7,m,Anıl,Mert,False,shifted,Trendyol/Trendyol-LLM-7b-base-v0.1
T08A,iste,"Merhaba, ben SPEAKER. Ankara'da yaşayan bir öğrenciyim. NAMENull diye bir arkadaşım var. NAME-gen arabası çok kirlenmiş ve yıkanması gerekiyor ama NAMENull çok yorgun. NAMENull bana arabamı yıkarsam çok mutlu olacağını söyledi.",speaker,speaker,NAMENull arabayı yıkayayım istiyor.,finite,NAMENull arabayı kimin yıkamasını istiyor?,8,m,Sinan,Yavuz,True,speaker,Trendyol/Trendyol-LLM-7b-base-v0.1
T08B,iste,"Merhaba, ben SPEAKER. Ankara'da yaşayan bir öğrenciyim. NAMENull diye bir arkadaşım var. NAMENull araba yıkamayı çok seviyor. NAME-gen arabası kirlenmiş. NAMENull işten çıkınca büyük bir zevkle arabayı yıkayacağını söyledi.",shifted,shifted,NAMENull arabayı yıkayayım istiyor.,finite,NAMENull arabayı kimin yıkamasını istiyor?,8,f,Hande,Nurgül,False,speaker,Trendyol/Trendyol-LLM-7b-base-v0.1
T08D,iste,"Merhaba, ben SPEAKER. Ankara'da yaşayan bir öğrenciyim. NAMENull diye bir arkadaşım var. NAMENull araba yıkamayı çok seviyor. NAME-gen arabası kirlenmiş. NAMENull işten çıkınca büyük bir zevkle arabayı yıkayacağını söyledi.",speaker,shifted,NAMENull arabayı yıkamamı istiyor.,nominalized,NAMENull arabayı kimin yıkamasını istiyor?,8,m,Salih,Alperen,False,shifted,Trendyol/Trendyol-LLM-7b-base-v0.1
T08C,iste,"Merhaba, ben SPEAKER. Ankara'da yaşayan bir öğrenciyim. NAMENull diye bir arkadaşım var. NAME-gen arabası çok kirlenmiş ve yıkanması gerekiyor ama NAMENull çok yorgun. NAMENull bana arabamı yıkarsam çok mutlu olacağını söyledi.",speaker,speaker,NAMENull arabayı yıkamamı istiyor.,nominalized,NAMENull arabayı kimin yıkamasını istiyor?,8,m,Utku,Güngör,True,speaker,Trendyol/Trendyol-LLM-7b-base-v0.1
T09A,iste,"Merhaba, ben SPEAKER. Ankara'da yaşayan bir öğrenciyim. NAMENull diye bir arkadaşım var. NAMENull bana yeni bir bilgisayar almamın çok faydalı olabileceğini söyledi. NAMENull bana sürekli yeni bilgisayar almamı öneriyor.",speaker,speaker,NAMENull yeni bir bilgisayar alayım istiyor.,finite,NAMENull kimin yeni bir bilgisayar almasını istiyor?,9,m,Kenan,Emre,False,shifted,Trendyol/Trendyol-LLM-7b-base-v0.1
T09C,iste,"Merhaba, ben SPEAKER. Ankara'da yaşayan bir öğrenciyim. NAMENull diye bir arkadaşım var. NAMENull bana yeni bir bilgisayar almamın çok faydalı olabileceğini söyledi. NAMENull bana sürekli yeni bilgisayar almamı öneriyor.",speaker,speaker,NAMENull yeni bir bilgisayar almamı istiyor.,nominalized,NAMENull kimin yeni bir bilgisayar almasını istiyor?,9,m,Salih,Alperen,False,shifted,Trendyol/Trendyol-LLM-7b-base-v0.1
T09D,iste,"Merhaba, ben SPEAKER. Ankara'da yaşayan bir öğrenciyim. NAMENull diye bir arkadaşım var. NAMENull sürekli bilgisayarının çok eski olduğundan şikayet ediyor. NAMENull yeni bir bilgisayar alırsa kendisine çok faydası olacağını söylüyor.",speaker,shifted,NAMENull yeni bir bilgisayar almamı istiyor.,nominalized,NAMENull kimin yeni bir bilgisayar almasını istiyor?,9,m,Kenan,Emre,False,shifted,Trendyol/Trendyol-LLM-7b-base-v0.1
T10C,iste,"Merhaba, ben SPEAKER. Ankara'da yaşayan bir öğrenciyim. NAMENull diye bir arkadaşım var. NAMENull beni çok sever. NAMENull başarılı olmam için beni hep destekler.",speaker,speaker,NAMENull başarılı olmamı istiyor.,nominalized,NAMENull kimin başarılı olmasını istiyor?,10,f,İlayda,Ece,True,speaker,Trendyol/Trendyol-LLM-7b-base-v0.1
T10B,iste,"Merhaba, ben SPEAKER. Ankara'da yaşayan bir öğrenciyim. NAMENull diye bir arkadaşım var. NAMENull çok bencildir. NAMENull başarılı olursa insanların ona daha çok saygı duyacağını düşünüyor.",shifted,shifted,NAMENull başarılı olayım istiyor.,finite,NAMENull kimin başarılı olmasını istiyor?,10,f,Kübra,Ezgi,False,speaker,Trendyol/Trendyol-LLM-7b-base-v0.1
T10D,iste,"Merhaba, ben SPEAKER. Ankara'da yaşayan bir öğrenciyim. NAMENull diye bir arkadaşım var. NAMENull çok bencildir. NAMENull başarılı olursa insanların ona daha çok saygı duyacağını düşünüyor.",speaker,shifted,NAMENull başarılı olmamı istiyor.,nominalized,NAMENull kimin başarılı olmasını istiyor?,10,m,Serkan,Furkan,False,shifted,Trendyol/Trendyol-LLM-7b-base-v0.1
T10A,iste,"Merhaba, ben SPEAKER. Ankara'da yaşayan bir öğrenciyim. NAMENull diye bir arkadaşım var. NAMENull beni çok sever. NAMENull başarılı olmam için beni hep destekler.",speaker,speaker,NAMENull başarılı olayım istiyor.,finite,NAMENull kimin başarılı olmasını istiyor?,10,m,Ali,Samet,False,shifted,Trendyol/Trendyol-LLM-7b-base-v0.1
T11C,iste,"Merhaba, ben SPEAKER. Ankara'da yaşayan bir öğrenciyim. NAMENull diye bir arkadaşım var. NAMENull uzun süredir aralıksız çalıştığımı öğrendi. NAMENull bir süre dinlenmenin bana çok iyi geleceğini söylüyor.",speaker,speaker,NAMENull tatile gitmemi istiyor.,nominalized,NAMENull kimin tatile gitmesini istiyor?,11,f,Berna,Fatma,False,shifted,Trendyol/Trendyol-LLM-7b-base-v0.1
T11A,iste,"Merhaba, ben SPEAKER. Ankara'da yaşayan bir öğrenciyim. NAMENull diye bir arkadaşım var. NAMENull uzun süredir aralıksız çalıştığımı öğrendi. NAMENull bir süre dinlenmenin bana çok iyi geleceğini söylüyor.",speaker,speaker,NAMENull tatile gideyim istiyor.,finite,NAMENull kimin tatile gitmesini istiyor?,11,f,Selin,Simge,True,speaker,Trendyol/Trendyol-LLM-7b-base-v0.1
T11D,iste,"Merhaba, ben SPEAKER. Ankara'da yaşayan bir öğrenciyim. NAMENull diye bir arkadaşım var. NAMENull uzun zamandır aralıksız çalışıyor. NAMENull bir süre dinlenmenin ona çok iyi geleceğini söylüyor.",speaker,shifted,NAMENull tatile gitmemi istiyor.,nominalized,NAMENull kimin tatile gitmesini istiyor?,11,m,Salih,Alperen,False,shifted,Trendyol/Trendyol-LLM-7b-base-v0.1
T11B,iste,"Merhaba, ben SPEAKER. Ankara'da yaşayan bir öğrenciyim. NAMENull diye bir arkadaşım var. NAMENull uzun zamandır aralıksız çalışıyor. NAMENull bir süre dinlenmenin ona çok iyi geleceğini söylüyor.",shifted,shifted,NAMENull tatile gideyim istiyor.,finite,NAMENull kimin tatile gitmesini istiyor?,11,m,Tolga,Emir,True,shifted,Trendyol/Trendyol-LLM-7b-base-v0.1
T12C,iste,"Merhaba, ben SPEAKER. Ankara'da yaşayan bir öğrenciyim. NAMENull diye bir arkadaşım var. NAMENull benim favori müzik grubumun Ankara'ya geldiğini söyledi.",speaker,speaker,NAMENull konsere gitmemi istiyor.,nominalized,NAMENull kimin konsere gitmesini istiyor?,12,f,Sena,Elif,True,speaker,Trendyol/Trendyol-LLM-7b-base-v0.1
T12B,iste,"Merhaba, ben SPEAKER. Ankara'da yaşayan bir öğrenciyim. NAMENull diye bir arkadaşım var. NAME-gen favori müzik grubu turneye çıkmış.",shifted,shifted,NAMENull konsere gideyim istiyor.,finite,NAMENull kimin konsere gitmesini istiyor?,12,m,Mustafa,Efe,True,shifted,Trendyol/Trendyol-LLM-7b-base-v0.1
T12A,iste,"Merhaba, ben SPEAKER. Ankara'da yaşayan bir öğrenciyim. NAMENull diye bir arkadaşım var. NAMENull benim favori müzik grubumun Ankara'ya geldiğini söyledi.",speaker,speaker,NAMENull konsere gideyim istiyor.,finite,NAMENull kimin konsere gitmesini istiyor?,12,m,Batuhan,Ömer,False,shifted,Trendyol/Trendyol-LLM-7b-base-v0.1
T12D,iste,"Merhaba, ben SPEAKER. Ankara'da yaşayan bir öğrenciyim. NAMENull diye bir arkadaşım var. NAME-gen favori müzik grubu turneye çıkmış.",speaker,shifted,NAMENull konsere gitmemi istiyor.,nominalized,NAMENull kimin konsere gitmesini istiyor?,12,m,Serkan,Furkan,False,shifted,Trendyol/Trendyol-LLM-7b-base-v0.1
T13D,iste,"Merhaba, ben SPEAKER. Ankara'da yaşayan bir öğrenciyim. NAMENull diye bir arkadaşım var. NAMENull sağlıksız hissettiğini söyledi. Sağlık için sporun çok önemli olduğunu düşünüyor.",speaker,shifted,NAMENull spora gitmemi istiyor.,nominalized,NAMENull kimin spora gitmesini istiyor?,13,f,İdil,Sinem,True,speaker,Trendyol/Trendyol-LLM-7b-base-v0.1
T13A,iste,"Merhaba, ben SPEAKER. Ankara'da yaşayan bir öğrenciyim. NAMENull diye bir arkadaşım var. NAMENull iyi görünmediğimi söyledi. Sağlık için sporun çok önemli olduğunu düşünüyor.",speaker,speaker,NAMENull spora gideyim istiyor.,finite,NAMENull kimin spora gitmesini istiyor?,13,f,Özge,Nazlı,True,speaker,Trendyol/Trendyol-LLM-7b-base-v0.1
T13B,iste,"Merhaba, ben SPEAKER. Ankara'da yaşayan bir öğrenciyim. NAMENull diye bir arkadaşım var. NAMENull sağlıksız hissettiğini söyledi. Sağlık için sporun çok önemli olduğunu düşünüyor.",shifted,shifted,NAMENull spora gideyim istiyor.,finite,NAMENull kimin spora gitmesini istiyor?,13,m,Ali,Samet,True,shifted,Trendyol/Trendyol-LLM-7b-base-v0.1
T14C,san,"Merhaba, ben SPEAKER. Ankara'da yaşayan bir öğrenciyim. NAMENull diye bir arkadaşım var. NAMENull ve ben geçen hafta bir koşu yarışına katıldık. NAME-dat yalan atarak ona yarışı benim kazandığımı söyledim.",speaker,speaker,NAMENull yarışı kazandığımı sanıyor.,nominalized,NAMENull yarışı kimin kazandığını sanıyor?,14,f,Merve,Gözde,True,speaker,Trendyol/Trendyol-LLM-7b-base-v0.1
T14D,san,"Merhaba, ben SPEAKER. Ankara'da yaşayan bir öğrenciyim. NAMENull diye bir arkadaşım var. NAMENull ve ben geçen hafta bir koşu yarışına katıldık. NAME-dat yalan atarak ona yarışı onun kazandığını söyledim.",speaker,shifted,NAMENull yarışı kazandığımı sanıyor.,nominalized,NAMENull yarışı kimin kazandığını sanıyor?,14,m,Mustafa,Efe,False,shifted,Trendyol/Trendyol-LLM-7b-base-v0.1
T14B,san,"Merhaba, ben SPEAKER. Ankara'da yaşayan bir öğrenciyim. NAMENull diye bir arkadaşım var. NAMENull ve ben geçen hafta bir koşu yarışına katıldık. NAME-dat yalan atarak ona yarışı onun kazandığını söyledim.",shifted,shifted,NAMENull yarışı kazandım sanıyor.,finite,NAMENull yarışı kimin kazandığını sanıyor?,14,m,Oğuzhan,Yılmaz,False,speaker,Trendyol/Trendyol-LLM-7b-base-v0.1
T15A,san,"Merhaba, ben SPEAKER. Ankara'da yaşayan bir öğrenciyim. NAMENull diye bir arkadaşım var. NAME-dat şaka yapmak için ona sınıfta kaldığımı söyledim. Bunu duyunca çok üzüldü ve beni teselli etti.",speaker,speaker,NAMENull sınıfta kaldım sanıyor.,finite,NAMENull kimin sınıfta kaldığını sanıyor?,15,m,Batuhan,Ömer,False,shifted,Trendyol/Trendyol-LLM-7b-base-v0.1
T15D,san,"Merhaba, ben SPEAKER. Ankara'da yaşayan bir öğrenciyim. NAMENull diye bir arkadaşım var. NAME-dat şaka yapmak için onun sınıfta kaldığını söyledim. Bunu duyunca çok üzüldü ve ağlamaya başladı.",speaker,shifted,NAMENull sınıfta kaldığımı sanıyor.,nominalized,NAMENull kimin sınıfta kaldığını sanıyor?,15,f,Hilal,Ayşe,False,shifted,Trendyol/Trendyol-LLM-7b-base-v0.1
T15B,san,"Merhaba, ben SPEAKER. Ankara'da yaşayan bir öğrenciyim. NAMENull diye bir arkadaşım var. NAME-dat şaka yapmak için onun sınıfta kaldığını söyledim. Bunu duyunca çok üzüldü ve ağlamaya başladı.",shifted,shifted,NAMENull sınıfta kaldım sanıyor.,finite,NAMENull kimin sınıfta kaldığını sanıyor?,15,f,Ebrar,Tuğçe,True,shifted,Trendyol/Trendyol-LLM-7b-base-v0.1
T15C,san,"Merhaba, ben SPEAKER. Ankara'da yaşayan bir öğrenciyim. NAMENull diye bir arkadaşım var. NAME-dat şaka yapmak için ona sınıfta kaldığımı söyledim. Bunu duyunca çok üzüldü ve beni teselli etti.",speaker,speaker,NAMENull sınıfta kaldığımı sanıyor.,nominalized,NAMENull kimin sınıfta kaldığını sanıyor?,15,f,Sena,Elif,True,speaker,Trendyol/Trendyol-LLM-7b-base-v0.1
T16C,san,"Merhaba, ben SPEAKER. Ankara'da yaşayan bir öğrenciyim. NAMENull diye bir arkadaşım var. NAMENull beni aradı ama ben onunla konuşmak istemiyordum. Ona araba sürdüğüm için konuşamayacağımı söyledim.",speaker,speaker,NAMENull araba sürdüğümü sanıyor.,nominalized,NAMENull kimin araba sürdüğünü sanıyor?,16,m,Batuhan,Ömer,False,shifted,Trendyol/Trendyol-LLM-7b-base-v0.1
T16D,san,"Merhaba, ben SPEAKER. Ankara'da yaşayan bir öğrenciyim. NAMENull diye bir arkadaşım var. NAMENull benim arabamı sürmek istedi. Arabamı otomatik sürüş moduna alıp ona verdim. Arabam kendini sürerken NAMENull şoför koltuğunda oturuyor.",speaker,shifted,NAMENull araba sürdüğümü sanıyor.,nominalized,NAMENull kimin araba sürdüğünü sanıyor?,16,f,Zeynep,Duygu,True,speaker,Trendyol/Trendyol-LLM-7b-base-v0.1
T16B,san,"Merhaba, ben SPEAKER. Ankara'da yaşayan bir öğrenciyim. NAMENull diye bir arkadaşım var. NAMENull benim arabamı sürmek istedi. Arabamı otomatik sürüş moduna alıp ona verdim. Arabam kendini sürerken NAMENull şoför koltuğunda oturuyor.",shifted,shifted,NAMENull araba sürüyorum sanıyor.,finite,NAMENull kimin araba sürdüğünü sanıyor?,16,f,Sena,Elif,False,speaker,Trendyol/Trendyol-LLM-7b-base-v0.1
T16A,san,"Merhaba, ben SPEAKER. Ankara'da yaşayan bir öğrenciyim. NAMENull diye bir arkadaşım var. NAMENull beni aradı ama ben onunla konuşmak istemiyordum. Ona araba sürdüğüm için konuşamayacağımı söyledim.",speaker,speaker,NAMENull araba sürüyorum sanıyor.,finite,NAMENull kimin araba sürdüğünü sanıyor?,16,f,İdil,Sinem,True,speaker,Trendyol/Trendyol-LLM-7b-base-v0.1
T17C,san,"Merhaba, ben SPEAKER. Ankara'da yaşayan bir öğrenciyim. NAMENull diye bir arkadaşım var. NAMENull hep bilgisayarla ilgilendiğimi, hiç çalışmadığımı söylüyor. Ben bilgisayardan çalışıyorum.",speaker,speaker,NAMENull oyun oynadığımı sanıyor.,nominalized,NAMENull kimin oyun oynadığını sanıyor?,17,f,Merve,Gözde,True,speaker,Trendyol/Trendyol-LLM-7b-base-v0.1
T17B,san,"Merhaba, ben SPEAKER. Ankara'da yaşayan bir öğrenciyim. NAMENull diye bir arkadaşım var. NAMENull İngilizce'sini geliştirsin diye bir uygulama önerdim. NAMENull uygulamayı sürekli oynadığını söyledi.",shifted,shifted,NAMENull oyun oynuyorum sanıyor.,finite,NAMENull kimin oyun oynadığını sanıyor?,17,m,Batuhan,Ömer,False,speaker,Trendyol/Trendyol-LLM-7b-base-v0.1
T17D,san,"Merhaba, ben SPEAKER. Ankara'da yaşayan bir öğrenciyim. NAMENull diye bir arkadaşım var. NAMENull İngilizce'sini geliştirsin diye bir uygulama önerdim. NAMENull uygulamayı sürekli oynadığını söyledi.",speaker,shifted,NAMENull oyun oynadığımı sanıyor.,nominalized,NAMENull kimin oyun oynadığını sanıyor?,17,m,Oğuzhan,Yılmaz,True,speaker,Trendyol/Trendyol-LLM-7b-base-v0.1
T17A,san,"Merhaba, ben SPEAKER. Ankara'da yaşayan bir öğrenciyim. NAMENull diye bir arkadaşım var. NAMENull hep bilgisayarla ilgilendiğimi, hiç çalışmadığımı söylüyor. Ben bilgisayardan çalışıyorum.",speaker,speaker,NAMENull oyun oynuyorum sanıyor.,finite,NAMENull kimin oyun oynadığını sanıyor?,17,m,Yusuf,Arif,True,speaker,Trendyol/Trendyol-LLM-7b-base-v0.1
T18A,san,"Merhaba, ben SPEAKER. Ankara'da yaşayan bir öğrenciyim. NAMENull diye bir arkadaşım var. Bu akşama yetiştirmemiz gereken iki ödevimiz var. NAMENull ödevi benden almak istiyor ama ben ödevleri yapmadım.",speaker,speaker,NAMENull ödevleri bitirdim sanıyor.,finite,NAMENull kimin ödevleri bitirdiğini sanıyor?,18,m,Anıl,Mert,False,shifted,Trendyol/Trendyol-LLM-7b-base-v0.1
T18C,san,"Merhaba, ben SPEAKER. Ankara'da yaşayan bir öğrenciyim. NAMENull diye bir arkadaşım var. Bu akşama yetiştirmemiz gereken iki ödevimiz var. NAMENull ödevi benden almak istiyor ama ben ödevleri yapmadım.",speaker,speaker,NAMENull ödevleri bitirdiğimi sanıyor.,nominalized,NAMENull kimin ödevleri bitirdiğini sanıyor?,18,m,Salih,Alperen,True,speaker,Trendyol/Trendyol-LLM-7b-base-v0.1
T18D,san,"Merhaba, ben SPEAKER. Ankara'da yaşayan bir öğrenciyim. NAMENull diye bir arkadaşım var. Öğretmenimiz bize iki ödev verdi. NAMENull sadece bir ödevden haberdar. Onu bitirmiş.",speaker,shifted,NAMENull ödevleri bitirdiğimi sanıyor.,nominalized,NAMENull kimin ödevleri bitirdiğini sanıyor?,18,m,Anıl,Mert,False,shifted,Trendyol/Trendyol-LLM-7b-base-v0.1
T18B,san,"Merhaba, ben SPEAKER. Ankara'da yaşayan bir öğrenciyim. NAMENull diye bir arkadaşım var. Öğretmenimiz bize iki ödev verdi. NAMENull sadece bir ödevden haberdar. Onu bitirmiş.",shifted,shifted,NAMENull ödevleri bitirdim sanıyor.,finite,NAMENull kimin ödevleri bitirdiğini sanıyor?,18,f,Kübra,Ezgi,False,speaker,Trendyol/Trendyol-LLM-7b-base-v0.1
T19D,san,"Merhaba, ben SPEAKER. Ankara'da yaşayan bir öğrenciyim. NAMENull diye bir arkadaşım var. NAMENull ile buluşmak için anlaştığımız kafeye geldim. NAMENull yanlış kafeye gitmiş.",speaker,shifted,NAMENull buluşmaya geldiğimi sanıyor.,nominalized,NAMENull kimin buluşmaya geldiğini sanıyor?,19,m,Yusuf,Arif,True,speaker,Trendyol/Trendyol-LLM-7b-base-v0.1
T19A,san,"Merhaba, ben SPEAKER. Ankara'da yaşayan bir öğrenciyim. NAMENull diye bir arkadaşım var. NAMENull ile bir kafede buluşacağız. NAMENull 5 dakika geç kaldığı için özür diliyor. Benim daha yolda olduğumu bilmiyor.",speaker,speaker,NAMENull buluşmaya geldim sanıyor.,finite,NAMENull kimin buluşmaya geldiğini sanıyor?,19,f,Ebrar,Tuğçe,True,speaker,Trendyol/Trendyol-LLM-7b-base-v0.1
T19B,san,"Merhaba, ben SPEAKER. Ankara'da yaşayan bir öğrenciyim. NAMENull diye bir arkadaşım var. NAMENull ile buluşmak için anlaştığımız kafeye geldim. NAMENull yanlış kafeye gitmiş.",shifted,shifted,NAMENull buluşmaya geldim sanıyor.,finite,NAMENull kimin buluşmaya geldiğini sanıyor?,19,f,Selin,Simge,False,speaker,Trendyol/Trendyol-LLM-7b-base-v0.1
T19C,san,"Merhaba, ben SPEAKER. Ankara'da yaşayan bir öğrenciyim. NAMENull diye bir arkadaşım var. NAMENull ile bir kafede buluşacağız. NAMENull 5 dakika geç kaldığı için özür diliyor. Benim daha yolda olduğumu bilmiyor.",speaker,speaker,NAMENull buluşmaya geldiğimi sanıyor.,nominalized,NAMENull kimin buluşmaya geldiğini sanıyor?,19,m,Batuhan,Ömer,False,shifted,Trendyol/Trendyol-LLM-7b-base-v0.1
T20D,san,"Merhaba, ben SPEAKER. Ankara'da yaşayan bir öğrenciyim. NAMENull diye bir arkadaşım var. NAMENull bugün sevgilisi ile tartışmış. Evden çıkarken kafası dalgınmış. Benden evine gidip kapısını kontrol etmemi istedi.",speaker,shifted,NAMENull kapıyı açık bıraktığımı sanıyor.,nominalized,NAMENull kimin kapıyı açık bıraktığını sanıyor?,20,m,Utku,Güngör,True,speaker,Trendyol/Trendyol-LLM-7b-base-v0.1
T20C,san,"Merhaba, ben SPEAKER. Ankara'da yaşayan bir öğrenciyim. NAMENull diye bir arkadaşım var. NAMENull bana sürpriz yapmak için evime balkon kapısından girmeyi planlıyormuş. Halbuki yakın zamanda mahallemde hırsızlık olduğunu duyduktan sonra balkon kapısını kilitledim.",speaker,speaker,NAMENull kapıyı açık bıraktığımı sanıyor.,nominalized,NAMENull kimin kapıyı açık bıraktığını sanıyor?,20,m,Burak,Can,True,speaker,Trendyol/Trendyol-LLM-7b-base-v0.1
T20A,san,"Merhaba, ben SPEAKER. Ankara'da yaşayan bir öğrenciyim. NAMENull diye bir arkadaşım var. NAMENull bana sürpriz yapmak için evime balkon kapısından girmeyi planlıyormuş. Halbuki yakın zamanda mahallemde hırsızlık olduğunu duyduktan sonra balkon kapısını kilitledim.",speaker,speaker,NAMENull kapıyı açık bıraktım sanıyor.,finite,NAMENull kimin kapıyı açık bıraktığını sanıyor?,20,m,Arda,Halil,True,speaker,Trendyol/Trendyol-LLM-7b-base-v0.1
T20B,san,"Merhaba, ben SPEAKER. Ankara'da yaşayan bir öğrenciyim. NAMENull diye bir arkadaşım var. NAMENull bugün sevgilisi ile tartışmış. Evden çıkarken kafası dalgınmış. Benden evine gidip kapısını kontrol etmemi istedi.",shifted,shifted,NAMENull kapıyı açık bıraktım sanıyor.,finite,NAMENull kimin kapıyı açık bıraktığını sanıyor?,20,f,İrem,Cansu,False,speaker,Trendyol/Trendyol-LLM-7b-base-v0.1
T21B,san,"Merhaba, ben SPEAKER. Ankara'da yaşayan bir öğrenciyim. NAMENull diye bir arkadaşım var. Ben bugün NAME-com buluşmak için evden dışarı çıktım. Evden çıkarken evdeki hiçbir şeyi kontrol etmedim. NAME-dat bunu söyledim.",shifted,shifted,NAMENull ocağı açık bıraktım sanıyor.,finite,NAMENull kimin ocağı açık bıraktığını sanıyor?,21,m,Mustafa,Efe,False,speaker,Trendyol/Trendyol-LLM-7b-base-v0.1
T21C,san,"Merhaba, ben SPEAKER. Ankara'da yaşayan bir öğrenciyim. NAMENull diye bir arkadaşım var. NAMENull bugün benle buluşmak için evden dışarı çıktı. Evden çıkarken evdeki hiçbir şeyi kontrol etmeden çıkmış.",speaker,speaker,NAMENull ocağı açık bıraktığımı sanıyor.,nominalized,NAMENull kimin ocağı açık bıraktığını sanıyor?,21,f,İrem,Cansu,True,speaker,Trendyol/Trendyol-LLM-7b-base-v0.1
T21A,san,"Merhaba, ben SPEAKER. Ankara'da yaşayan bir öğrenciyim. NAMENull diye bir arkadaşım var. NAMENull bugün benle buluşmak için evden dışarı çıktı. Evden çıkarken evdeki hiçbir şeyi kontrol etmeden çıkmış.",speaker,speaker,NAMENull ocağı açık bıraktım sanıyor.,finite,NAMENull kimin ocağı açık bıraktığını sanıyor?,21,m,Taner,Berk,True,speaker,Trendyol/Trendyol-LLM-7b-base-v0.1
T21D,san,"Merhaba, ben SPEAKER. Ankara'da yaşayan bir öğrenciyim. NAMENull diye bir arkadaşım var. Ben bugün NAME-com buluşmak için evden dışarı çıktım. Evden çıkarken evdeki hiçbir şeyi kontrol etmedim. NAME-dat bunu söyledim.",speaker,shifted,NAMENull ocağı açık bıraktığımı sanıyor.,nominalized,NAMENull kimin ocağı açık bıraktığını sanıyor?,21,m,Fatih,Melih,False,shifted,Trendyol/Trendyol-LLM-7b-base-v0.1
T22D,san,"Merhaba, ben SPEAKER. Ankara'da yaşayan bir öğrenciyim. NAMENull diye bir arkadaşım var. Bir partiye giderken NAMENull ile karşılaştık. NAME-dat partiye gittiğimi söylemek istemedim.",speaker,shifted,NAMENull kütüphaneye gideceğimi sanıyor.,nominalized,NAMENull kimin kütüphaneye gideceğini sanıyor?,22,m,Kenan,Emre,False,shifted,Trendyol/Trendyol-LLM-7b-base-v0.1
T22B,san,"Merhaba, ben SPEAKER. Ankara'da yaşayan bir öğrenciyim. NAMENull diye bir arkadaşım var. Bir partiye giderken NAMENull ile karşılaştık. NAME-dat partiye gittiğimi söylemek istemedim.",shifted,shifted,NAMENull kütüphaneye gideceğim sanıyor.,finite,NAMENull kimin kütüphaneye gideceğini sanıyor?,22,f,İdil,Sinem,False,speaker,Trendyol/Trendyol-LLM-7b-base-v0.1
T22C,san,"Merhaba, ben SPEAKER. Ankara'da yaşayan bir öğrenciyim. NAMENull diye bir arkadaşım var. NAME-acc sürpriz doğum gününe götürmek için kütüphaneye gideceğiz diyerek evden çıkardım. NAME-gen sürprizden haberi yok.",speaker,speaker,NAMENull kütüphaneye gideceğimi sanıyor.,nominalized,NAMENull kimin kütüphaneye gideceğini sanıyor?,22,m,Berkay,Oktay,False,shifted,Trendyol/Trendyol-LLM-7b-base-v0.1
T22A,san,"Merhaba, ben SPEAKER. Ankara'da yaşayan bir öğrenciyim. NAMENull diye bir arkadaşım var. NAME-acc sürpriz doğum gününe götürmek için kütüphaneye gideceğiz diyerek evden çıkardım. NAME-gen sürprizden haberi yok.",speaker,speaker,NAMENull kütüphaneye gideceğim sanıyor.,finite,NAMENull kimin kütüphaneye gideceğini sanıyor?,22,m,Burak,Can,True,speaker,Trendyol/Trendyol-LLM-7b-base-v0.1
T23C,san,"Merhaba, ben SPEAKER. NAMENull diye bir arkadaşım var. NAMENull benim uçuşumun yarına ertelendiğini bilmiyor. Bugün beni hala evden çıkmamış görünce çok şaşırdı.",speaker,speaker,NAMENull uçağı kaçırdığımı sanıyor.,nominalized,NAMENull kimin uçağı kaçırdığını sanıyor?,23,m,Mustafa,Efe,True,speaker,Trendyol/Trendyol-LLM-7b-base-v0.1
T23A,san,"Merhaba, ben SPEAKER. NAMENull diye bir arkadaşım var. NAMENull benim uçuşumun yarına ertelendiğini bilmiyor. Bugün beni hala evden çıkmamış görünce çok şaşırdı.",speaker,speaker,NAMENull uçağı kaçırdım sanıyor.,finite,NAMENull kimin uçağı kaçırdığını sanıyor?,23,f,Beyza,Yasemin,True,speaker,Trendyol/Trendyol-LLM-7b-base-v0.1
T23B,san,"Merhaba, ben SPEAKER. NAMENull diye bir arkadaşım var. NAMENull havaalanına uçuş saatinde ulaşamadı ama neyseki uçuşu ertelendi. O bilmiyor.",shifted,shifted,NAMENull uçağı kaçırdım sanıyor.,finite,NAMENull kimin uçağı kaçırdığını sanıyor?,23,f,İrem,Cansu,True,shifted,Trendyol/Trendyol-LLM-7b-base-v0.1
T23D,san,"Merhaba, ben SPEAKER. NAMENull diye bir arkadaşım var. NAMENull havaalanına uçuş saatinde ulaşamadı ama neyseki uçuşu ertelendi. O bilmiyor.",speaker,shifted,NAMENull uçağı kaçırdığımı sanıyor.,nominalized,NAMENull kimin uçağı kaçırdığını sanıyor?,23,m,Batuhan,Ömer,True,speaker,Trendyol/Trendyol-LLM-7b-base-v0.1
T24B,san,"Merhaba, ben SPEAKER. Ankara'da yaşayan bir öğrenciyim. NAMENull diye bir arkadaşım var. NAME-acc annesi nüfusa iki sene geç yazdırmış. NAMENull bunu bilmiyor.",shifted,shifted,NAMENull 25 yaşına girdim sanıyor.,finite,NAMENull kimin 25 yaşına girdiğini sanıyor?,24,m,Tolga,Emir,True,shifted,Trendyol/Trendyol-LLM-7b-base-v0.1
T24C,san,"Merhaba, ben SPEAKER. Ankara'da yaşayan bir öğrenciyim. NAMENull diye bir arkadaşım var. Doğum günü pastama 25 mum dikmiş.",speaker,speaker,NAMENull 25 yaşına girdiğimi sanıyor.,nominalized,NAMENull kimin 25 yaşına girdiğini sanıyor?,24,f,Müge,Esra,False,shifted,Trendyol/Trendyol-LLM-7b-base-v0.1
T24D,san,"Merhaba, ben SPEAKER. Ankara'da yaşayan bir öğrenciyim. NAMENull diye bir arkadaşım var. NAME-acc annesi nüfusa iki sene geç yazdırmış. NAMENull bunu bilmiyor.",speaker,shifted,NAMENull 25 yaşına girdiğimi sanıyor.,nominalized,NAMENull kimin 25 yaşına girdiğini sanıyor?,24,f,Beyza,Yasemin,False,shifted,Trendyol/Trendyol-LLM-7b-base-v0.1
T24A,san,"Merhaba, ben SPEAKER. Ankara'da yaşayan bir öğrenciyim. NAMENull diye bir arkadaşım var. Doğum günü pastama 25 mum dikmiş.",speaker,speaker,NAMENull 25 yaşına girdim sanıyor.,finite,NAMENull kimin 25 yaşına girdiğini sanıyor?,24,m,Sinan,Yavuz,False,shifted,Trendyol/Trendyol-LLM-7b-base-v0.1
T25A,san,"Merhaba, ben SPEAKER. Ankara'da yaşayan bir öğrenciyim. NAMENull diye bir arkadaşım var. Uzun zamandır iş arıyorum. Daha yeni iş teklif eden bir şirket de teklifini geri çekti ama NAMENull bunu bilmiyor. İşe girmemi kutlamak için bana sürpriz hazırlamış.",speaker,speaker,NAMENull işe alındım sanıyor.,finite,NAMENull kimin işe alındığını sanıyor?,25,f,Hilal,Ayşe,False,shifted,Trendyol/Trendyol-LLM-7b-base-v0.1
T25C,san,"Merhaba, ben SPEAKER. Ankara'da yaşayan bir öğrenciyim. NAMENull diye bir arkadaşım var. Uzun zamandır iş arıyorum. Daha yeni iş teklif eden bir şirket de teklifini geri çekti ama NAMENull bunu bilmiyor. İşe girmemi kutlamak için bana sürpriz hazırlamış.",speaker,speaker,NAMENull işe alındığımı sanıyor.,nominalized,NAMENull kimin işe alındığını sanıyor?,25,m,Berkay,Oktay,False,shifted,Trendyol/Trendyol-LLM-7b-base-v0.1
T25D,san,"Merhaba, ben SPEAKER. Ankara'da yaşayan bir öğrenciyim. NAMENull diye bir arkadaşım var. NAME-dat işe başvurduğu şirketten onu ofislerine davet eden bir mektup gelmiş. NAMENull şirketlerin ofis mülakatı için böyle davetler gönderdiğini bilmiyor.",speaker,shifted,NAMENull işe alındığımı sanıyor.,nominalized,NAMENull kimin işe alındığını sanıyor?,25,m,Mustafa,Efe,True,speaker,Trendyol/Trendyol-LLM-7b-base-v0.1
T25B,san,"Merhaba, ben SPEAKER. Ankara'da yaşayan bir öğrenciyim. NAMENull diye bir arkadaşım var. NAME-dat işe başvurduğu şirketten onu ofislerine davet eden bir mektup gelmiş. NAMENull şirketlerin ofis mülakatı için böyle davetler gönderdiğini bilmiyor.",shifted,shifted,NAMENull işe alındım sanıyor.,finite,NAMENull kimin işe alındığını sanıyor?,25,f,Ebrar,Tuğçe,False,speaker,Trendyol/Trendyol-LLM-7b-base-v0.1
T26B,san,"Merhaba, ben SPEAKER. NAMENull diye bir arkadaşım var. On tane Almanca kelime öğrenmiş.",shifted,shifted,NAMENull Almanca biliyorum sanıyor.,finite,NAMENull kimin Almanca bildiğini sanıyor?,26,f,Ebrar,Tuğçe,False,speaker,Trendyol/Trendyol-LLM-7b-base-v0.1
T26A,san,"Merhaba, ben SPEAKER. NAMENull diye bir arkadaşım var. NAMENull söylediklerini havaalanındaki turistler için Almanca'ya çevirmemi istedi.",speaker,speaker,NAMENull Almanca biliyorum sanıyor.,finite,NAMENull kimin Almanca bildiğini sanıyor?,26,m,Utku,Güngör,True,speaker,Trendyol/Trendyol-LLM-7b-base-v0.1
T26D,san,"Merhaba, ben SPEAKER. NAMENull diye bir arkadaşım var. On tane Almanca kelime öğrenmiş.",speaker,shifted,NAMENull Almanca bildiğimi sanıyor.,nominalized,NAMENull kimin Almanca bildiğini sanıyor?,26,f,İrem,Cansu,True,speaker,Trendyol/Trendyol-LLM-7b-base-v0.1
T26C,san,"Merhaba, ben SPEAKER. NAMENull diye bir arkadaşım var. NAMENull söylediklerini havaalanındaki turistler için Almanca'ya çevirmemi istedi.",speaker,speaker,NAMENull Almanca bildiğimi sanıyor.,nominalized,NAMENull kimin Almanca bildiğini sanıyor?,26,f,Melisa,Ebrar,True,speaker,Trendyol/Trendyol-LLM-7b-base-v0.1
T27D,düşün,"Merhaba, ben SPEAKER. Ankara'da yaşayan bir öğrenciyim. NAMENull diye bir arkadaşım var. NAMENull okul başkanı olmak için seçimlere katıldı ve seçimi kaybetti. Ona şaka yapmak için seçimi kazandığını söyledim ve bana inandı.",speaker,shifted,NAMENull seçimi kazandığımı düşünüyor.,nominalized,NAMENull seçimi kimin kazandığını düşünüyor?,27,f,Melisa,Ebrar,True,speaker,Trendyol/Trendyol-LLM-7b-base-v0.1
T27A,düşün,"Merhaba, ben SPEAKER. Ankara'da yaşayan bir öğrenciyim. NAMENull diye bir arkadaşım var. Okul başkanı olmak için seçimlere katıldım. NAMENull bana seçim sonuçlarını sordu. Aslında seçimi kaybetmemiş olmama rağmen ona yalan atarak seçimi kazandığımı söyledim.",speaker,speaker,NAMENull seçimi kazandım diye düşünüyor.,finite,NAMENull seçimi kimin kazandığını düşünüyor?,27,m,Fatih,Melih,False,shifted,Trendyol/Trendyol-LLM-7b-base-v0.1
T27C,düşün,"Merhaba, ben SPEAKER. Ankara'da yaşayan bir öğrenciyim. NAMENull diye bir arkadaşım var. Okul başkanı olmak için seçimlere katıldım. NAMENull bana seçim sonuçlarını sordu. Aslında seçimi kaybetmemiş olmama rağmen ona yalan atarak seçimi kazandığımı söyledim.",speaker,speaker,NAMENull seçimi kazandığımı düşünüyor.,nominalized,NAMENull seçimi kimin kazandığını düşünüyor?,27,f,Melis,Derya,False,shifted,Trendyol/Trendyol-LLM-7b-base-v0.1
T27B,düşün,"Merhaba, ben SPEAKER. Ankara'da yaşayan bir öğrenciyim. NAMENull diye bir arkadaşım var. NAMENull okul başkanı olmak için seçimlere katıldı ve seçimi kaybetti. Ona şaka yapmak için seçimi kazandığını söyledim ve bana inandı.",shifted,shifted,NAMENull seçimi kazandım diye düşünüyor.,finite,NAMENull seçimi kimin kazandığını düşünüyor?,27,f,Müge,Esra,False,speaker,Trendyol/Trendyol-LLM-7b-base-v0.1
T28A,düşün,"Merhaba, ben SPEAKER. Ankara'da yaşayan bir öğrenciyim. NAMENull diye bir arkadaşım var. Geçen sene NAMENull beni düğününe davet etti. Ona yalan attım aynı gün mezuniyet törenim olduğu için düğüne gidemeyeceğimi söyledim.",speaker,speaker,NAMENull mezun oldum diye düşünüyor.,finite,NAMENull kimin mezun olduğunu düşünüyor?,28,m,Oğuzhan,Yılmaz,True,speaker,Trendyol/Trendyol-LLM-7b-base-v0.1
T28D,düşün,"Merhaba, ben SPEAKER. Ankara'da yaşayan bir öğrenciyim. NAMENull diye bir arkadaşım var. NAMENull okuldaki son sınavına girdi ve o sınavdan sonra okuldan mezun olduğunu düşündü. Aslında mezun olabilmek için bitirme projesini de teslim etmesi gerekiyor.",speaker,shifted,NAMENull mezun olduğumu düşünüyor.,nominalized,NAMENull kimin mezun olduğunu düşünüyor?,28,m,Burak,Can,True,speaker,Trendyol/Trendyol-LLM-7b-base-v0.1
T28B,düşün,"Merhaba, ben SPEAKER. Ankara'da yaşayan bir öğrenciyim. NAMENull diye bir arkadaşım var. NAMENull okuldaki son sınavına girdi ve o sınavdan sonra okuldan mezun olduğunu düşündü. Aslında mezun olabilmek için bitirme projesini de teslim etmesi gerekiyor.",shifted,shifted,NAMENull mezun oldum diye düşünüyor.,finite,NAMENull kimin mezun olduğunu düşünüyor?,28,m,Ali,Samet,True,shifted,Trendyol/Trendyol-LLM-7b-base-v0.1
T28C,düşün,"Merhaba, ben SPEAKER. Ankara'da yaşayan bir öğrenciyim. NAMENull diye bir arkadaşım var. Geçen sene NAMENull beni düğününe davet etti. Ona yalan attım aynı gün mezuniyet törenim olduğu için düğüne gidemeyeceğimi söyledim.",speaker,speaker,NAMENull mezun olduğumu düşünüyor.,nominalized,NAMENull kimin mezun olduğunu düşünüyor?,28,m,Osman,Hasan,False,shifted,Trendyol/Trendyol-LLM-7b-base-v0.1
T29D,düşün,"Merhaba, ben SPEAKER. Ankara'da yaşayan bir öğrenciyim. NAMENull diye bir arkadaşım var. NAMENull hafta sonları garsonluk yapıyor. Patronu ona şaka yapmak için NAME-acc işten kovduğunu söyledi. Aslında onu başgarsonluğa terfi ettirmişti.",speaker,shifted,NAMENull işten kovulduğumu düşünüyor.,nominalized,NAMENull kimin işten kovulduğunu düşünüyor?,29,m,Tolga,Emir,True,speaker,Trendyol/Trendyol-LLM-7b-base-v0.1
T29C,düşün,"Merhaba, ben SPEAKER. Ankara'da yaşayan bir öğrenciyim. NAMENull diye bir arkadaşım var. Hafta sonları garsonluk yaptığım için bir miktar para biriktirebildim. NAMENull benden borç para istedi. Ona para vermemek için işten kovulduğumu söyledim.",speaker,speaker,NAMENull işten kovulduğumu düşünüyor.,nominalized,NAMENull kimin işten kovulduğunu düşünüyor?,29,m,Murat,Hilmi,False,shifted,Trendyol/Trendyol-LLM-7b-base-v0.1
T29A,düşün,"Merhaba, ben SPEAKER. Ankara'da yaşayan bir öğrenciyim. NAMENull diye bir arkadaşım var. Hafta sonları garsonluk yaptığım için bir miktar para biriktirebildim. NAMENull benden borç para istedi. Ona para vermemek için işten kovulduğumu söyledim.",speaker,speaker,NAMENull işten kovuldum diye düşünüyor.,finite,NAMENull kimin işten kovulduğunu düşünüyor?,29,m,Kenan,Emre,False,shifted,Trendyol/Trendyol-LLM-7b-base-v0.1
T29B,düşün,"Merhaba, ben SPEAKER. Ankara'da yaşayan bir öğrenciyim. NAMENull diye bir arkadaşım var. NAMENull hafta sonları garsonluk yapıyor. Patronu ona şaka yapmak için NAME-acc işten kovduğunu söyledi. Aslında onu başgarsonluğa terfi ettirmişti.",shifted,shifted,NAMENull işten kovuldum diye düşünüyor.,finite,NAMENull kimin işten kovulduğunu düşünüyor?,29,f,Müge,Esra,False,speaker,Trendyol/Trendyol-LLM-7b-base-v0.1
T30B,düşün,"Merhaba, ben SPEAKER. Ankara'da yaşayan bir öğrenciyim. NAMENull diye bir arkadaşım var. NAMENull işinden hiç memnun değil. Bu yüzden bir istifa mektubu yazıp iş yerine postalamak istedi, ancak yanlış adrese mektubu yanlış adrese gönderdi. İstifa mektubu iş yerine ulaşmadığı için NAME-gen istifası gerçekleşmedi, ama NAMENull bunun farkında değil.",shifted,shifted,NAMENull istifa ettim diye düşünüyor.,finite,NAMENull kimin istifa ettiğini düşünüyor?,30,f,Selin,Simge,False,speaker,Trendyol/Trendyol-LLM-7b-base-v0.1
T30C,düşün,"Merhaba, ben SPEAKER. Ankara'da yaşayan bir öğrenciyim. NAMENull diye bir arkadaşım var. Hafta sonları garsonluk yapıyorum ve bu yüzden birikmiş bir miktar param var. NAMENull benden borç para istedi. Ona para vermemek için işten istifa ettiğimi, o yüzden param olmadığını söyledim.",speaker,speaker,NAMENull istifa ettiğimi düşünüyor.,nominalized,NAMENull kimin istifa ettiğini düşünüyor?,30,f,Beyza,Yasemin,True,speaker,Trendyol/Trendyol-LLM-7b-base-v0.1
T30A,düşün,"Merhaba, ben SPEAKER. Ankara'da yaşayan bir öğrenciyim. NAMENull diye bir arkadaşım var. Hafta sonları garsonluk yapıyorum ve bu yüzden birikmiş bir miktar param var. NAMENull benden borç para istedi. Ona para vermemek için işten istifa ettiğimi, o yüzden param olmadığını söyledim.",speaker,speaker,NAMENull istifa ettim diye düşünüyor.,finite,NAMENull kimin istifa ettiğini düşünüyor?,30,m,Anıl,Mert,False,shifted,Trendyol/Trendyol-LLM-7b-base-v0.1
T30D,düşün,"Merhaba, ben SPEAKER. Ankara'da yaşayan bir öğrenciyim. NAMENull diye bir arkadaşım var. NAMENull işinden hiç memnun değil. Bu yüzden bir istifa mektubu yazıp iş yerine postalamak istedi, ancak yanlış adrese mektubu yanlış adrese gönderdi. İstifa mektubu iş yerine ulaşmadığı için NAME-gen istifası gerçekleşmedi, ama NAMENull bunun farkında değil.",speaker,shifted,NAMENull istifa ettiğimi düşünüyor.,nominalized,NAMENull kimin istifa ettiğini düşünüyor?,30,m,Taner,Berk,False,shifted,Trendyol/Trendyol-LLM-7b-base-v0.1
T31C,düşün,"Merhaba, ben SPEAKER. Ankara'da yaşayan bir öğrenciyim. NAMENull diye bir arkadaşım var. Çok iyi bir üniversitede yüksek lisans programına başvuru yaptım, ve NAMENull bana o programa kabul alamayacağımı söyledi. Aradan bir süre geçtikten sonra NAME-dat yalan atarak o programa kabul edildiğimi söyledim.",speaker,speaker,NAMENull kabul aldığımı düşünüyor.,nominalized,NAMENull kimin kabul aldığını düşünüyor?,31,m,Berkay,Oktay,False,shifted,Trendyol/Trendyol-LLM-7b-base-v0.1
T31D,düşün,"Merhaba, ben SPEAKER. Ankara'da yaşayan bir öğrenciyim. NAMENull diye bir arkadaşım var. NAMENull çok iyi bir üniversitede yüksek lisans programına başvuru yaptı ama oradan kabul alabileceğini düşünmüyordu. Aradan bir süre geçtikten sonra NAME-dat şaka yapmak için o programa kabul edildiğini söyledim. Bu haberi duyunca NAMENull çok sevindi.",speaker,shifted,NAMENull kabul aldığımı düşünüyor.,nominalized,NAMENull kimin kabul aldığını düşünüyor?,31,m,Kenan,Emre,False,shifted,Trendyol/Trendyol-LLM-7b-base-v0.1
T31A,düşün,"Merhaba, ben SPEAKER. Ankara'da yaşayan bir öğrenciyim. NAMENull diye bir arkadaşım var. Çok iyi bir üniversitede yüksek lisans programına başvuru yaptım, ve NAMENull bana o programa kabul alamayacağımı söyledi. Aradan bir süre geçtikten sonra NAME-dat yalan atarak o programa kabul edildiğimi söyledim.",speaker,speaker,NAMENull kabul aldım diye düşünüyor.,finite,NAMENull kimin kabul aldığını düşünüyor?,31,f,Zeynep,Duygu,True,speaker,Trendyol/Trendyol-LLM-7b-base-v0.1
T31B,düşün,"Merhaba, ben SPEAKER. Ankara'da yaşayan bir öğrenciyim. NAMENull diye bir arkadaşım var. NAMENull çok iyi bir üniversitede yüksek lisans programına başvuru yaptı ama oradan kabul alabileceğini düşünmüyordu. Aradan bir süre geçtikten sonra NAME-dat şaka yapmak için o programa kabul edildiğini söyledim. Bu haberi duyunca NAMENull çok sevindi.",shifted,shifted,NAMENull kabul aldım diye düşünüyor.,finite,NAMENull kimin kabul aldığını düşünüyor?,31,m,Sinan,Yavuz,True,shifted,Trendyol/Trendyol-LLM-7b-base-v0.1
T32D,düşün,"Merhaba, ben SPEAKER. Ankara'da yaşayan bir öğrenciyim. NAMENull diye bir arkadaşım var. NAMENull hayatında hiç içki içmemiş, ve denemek de istemiyor. Geçen gün ona kokteyl içirdim ama yalan atarak içtiği şeyin meyve suyu olduğunu söyledim.",speaker,shifted,NAMENull meyve suyu içtiğimi düşünüyor.,nominalized,NAMENull kimin meyve suyu içtiğini düşünüyor?,32,f,Hilal,Ayşe,False,shifted,Trendyol/Trendyol-LLM-7b-base-v0.1
T32B,düşün,"Merhaba, ben SPEAKER. Ankara'da yaşayan bir öğrenciyim. NAMENull diye bir arkadaşım var. NAMENull hayatında hiç içki içmemiş, ve denemek de istemiyor. Geçen gün ona kokteyl içirdim ama yalan atarak içtiği şeyin meyve suyu olduğunu söyledim.",shifted,shifted,NAMENull meyve suyu içtim diye düşünüyor.,finite,NAMENull kimin meyve suyu içtiğini düşünüyor?,32,m,Anıl,Mert,False,speaker,Trendyol/Trendyol-LLM-7b-base-v0.1
T32C,düşün,"Merhaba, ben SPEAKER. Ankara'da yaşayan bir öğrenciyim. NAMENull diye bir arkadaşım var. NAMENull benim içki içmemi istemiyor. Onunla otururken kokteyl içiyor olmama rağmen üzülmemesi için ona meyve suyu içtiğimi söyledim.",speaker,speaker,NAMENull meyve suyu içtiğimi düşünüyor.,nominalized,NAMENull kimin meyve suyu içtiğini düşünüyor?,32,f,İdil,Sinem,True,speaker,Trendyol/Trendyol-LLM-7b-base-v0.1
T33D,düşün,"Merhaba, ben SPEAKER. Ankara'da yaşayan bir öğrenciyim. NAMENull diye bir arkadaşım var. NAMENull geçen gün yolda eski bir harita buldu ama ne haritası olduğunu anlayamadı. Onannyalan atarak bulduğu şeyin bir hazine haritası bulduğumu söyledim.",speaker,shifted,NAMENull hazine bulduğumu düşünüyor.,nominalized,NAMENull kimin hazine bulduğunu düşünüyor?,33,f,Müge,Esra,True,speaker,Trendyol/Trendyol-LLM-7b-base-v0.1
T33B,düşün,"Merhaba, ben SPEAKER. Ankara'da yaşayan bir öğrenciyim. NAMENull diye bir arkadaşım var. NAMENull geçen gün yolda eski bir harita buldu ama ne haritası olduğunu anlayamadı. Onannyalan atarak bulduğu şeyin bir hazine haritası bulduğumu söyledim.",shifted,shifted,NAMENull hazine buldum diye düşünüyor.,finite,NAMENull kimin hazine bulduğunu düşünüyor?,33,f,Sena,Elif,False,speaker,Trendyol/Trendyol-LLM-7b-base-v0.1
T33A,düşün,"Merhaba, ben SPEAKER. Ankara'da yaşayan bir öğrenciyim. NAMENull diye bir arkadaşım var. Geçen gün yolda eski bir harita buldum. NAMENull bana onun ne haritası olduğunu sorunca ona yalan atarak bir hazine haritası bulduğumu söyledim.",speaker,speaker,NAMENull hazine buldum diye düşünüyor.,finite,NAMENull kimin hazine bulduğunu düşünüyor?,33,f,Berna,Fatma,False,shifted,Trendyol/Trendyol-LLM-7b-base-v0.1
T33C,düşün,"Merhaba, ben SPEAKER. Ankara'da yaşayan bir öğrenciyim. NAMENull diye bir arkadaşım var. Geçen gün yolda eski bir harita buldum. NAMENull bana onun ne haritası olduğunu sorunca ona yalan atarak bir hazine haritası bulduğumu söyledim.",speaker,speaker,NAMENull hazine bulduğumu düşünüyor.,nominalized,NAMENull kimin hazine bulduğunu düşünüyor?,33,f,Ebrar,Tuğçe,True,speaker,Trendyol/Trendyol-LLM-7b-base-v0.1
T34C,düşün,"Merhaba, ben SPEAKER. Ankara'da yaşayan bir öğrenciyim. NAMENull diye bir arkadaşım var. NAMENull ile bir satranç turnuvasına katıldık ve ben finale kaldım. NAME-dat şaka yaparak diğer finalistin turnuvadan çekildiğini söyledim. NAMENull benim şampiyon olduğumu düşünerek beni tebrik etti.",speaker,speaker,NAMENull şampiyon olduğumu düşünüyor.,nominalized,NAMENull kimin şampiyon olduğunu düşünüyor?,34,m,Murat,Hilmi,True,speaker,Trendyol/Trendyol-LLM-7b-base-v0.1
T34A,düşün,"Merhaba, ben SPEAKER. Ankara'da yaşayan bir öğrenciyim. NAMENull diye bir arkadaşım var. NAMENull ile bir satranç turnuvasına katıldık ve ben finale kaldım. NAME-dat şaka yaparak diğer finalistin turnuvadan çekildiğini söyledim. NAMENull benim şampiyon olduğumu düşünerek beni tebrik etti.",speaker,speaker,NAMENull şampiyon oldum diye düşünüyor.,finite,NAMENull kimin şampiyon olduğunu düşünüyor?,34,f,Hande,Nurgül,False,shifted,Trendyol/Trendyol-LLM-7b-base-v0.1
T34D,düşün,"Merhaba, ben SPEAKER. Ankara'da yaşayan bir öğrenciyim. NAMENull diye bir arkadaşım var. NAMENull ile bir satranç turnuvasına katıldık ve NAMENull finale kaldı. NAME-dat şaka yaparak diğer finalistin turnuvadan çekildiğini söyledim. NAMENull şampiyon olduğunu düşünerek sevindi.",speaker,shifted,NAMENull şampiyon olduğumu düşünüyor.,nominalized,NAMENull kimin şampiyon olduğunu düşünüyor?,34,m,Tolga,Emir,False,shifted,Trendyol/Trendyol-LLM-7b-base-v0.1
T34B,düşün,"Merhaba, ben SPEAKER. Ankara'da yaşayan bir öğrenciyim. NAMENull diye bir arkadaşım var. NAMENull ile bir satranç turnuvasına katıldık ve NAMENull finale kaldı. NAME-dat şaka yaparak diğer finalistin turnuvadan çekildiğini söyledim. NAMENull şampiyon olduğunu düşünerek sevindi.",shifted,shifted,NAMENull şampiyon oldum diye düşünüyor.,finite,NAMENull kimin şampiyon olduğunu düşünüyor?,34,m,Serkan,Furkan,True,shifted,Trendyol/Trendyol-LLM-7b-base-v0.1
T35B,düşün,"Merhaba, ben SPEAKER. Ankara'da yaşayan bir öğrenciyim. NAMENull diye bir arkadaşım var. NAMENull ile halısahada maç yapmaya gittik. Maç sırasında NAMENull bir şut çekti ve top kalenin hemen yanından dışarı çıktı, ama NAMENull topun dışarı çıktığını farketmedi ve gol oldu sandı. Kimse ona topun aslında dışarı çıktığını söylemedi.",shifted,shifted,NAMENull gol attım diye düşünüyor.,finite,NAMENull kimin gol attığını düşünüyor?,35,m,Arda,Halil,True,shifted,Trendyol/Trendyol-LLM-7b-base-v0.1
T35C,düşün,"Merhaba, ben SPEAKER. Ankara'da yaşayan bir öğrenciyim. NAMENull diye bir arkadaşım var. NAMENull ile halısahada maç yapmaya gittik. Maç sırasında ben bir şut çektim ve top kalenin hemen yanından dışarı çıktı, ama NAMENull topun dışarı çıktığını farketmedi ve gol oldu sanıp sevindi. Kimse ona topun aslında dışarı çıktığını söylemedi.",speaker,speaker,NAMENull gol attığımı düşünüyor.,nominalized,NAMENull kimin gol attığını düşünüyor?,35,f,Zeynep,Duygu,True,speaker,Trendyol/Trendyol-LLM-7b-base-v0.1
T35D,düşün,"Merhaba, ben SPEAKER. Ankara'da yaşayan bir öğrenciyim. NAMENull diye bir arkadaşım var. NAMENull ile halısahada maç yapmaya gittik. Maç sırasında NAMENull bir şut çekti ve top kalenin hemen yanından dışarı çıktı, ama NAMENull topun dışarı çıktığını farketmedi ve gol oldu sandı. Kimse ona topun aslında dışarı çıktığını söylemedi.",speaker,shifted,NAMENull gol attığımı düşünüyor.,nominalized,NAMENull kimin gol attığını düşünüyor?,35,m,Hüseyin,Cenk,True,speaker,Trendyol/Trendyol-LLM-7b-base-v0.1
T35A,düşün,"Merhaba, ben SPEAKER. Ankara'da yaşayan bir öğrenciyim. NAMENull diye bir arkadaşım var. NAMENull ile halısahada maç yapmaya gittik. Maç sırasında ben bir şut çektim ve top kalenin hemen yanından dışarı çıktı, ama NAMENull topun dışarı çıktığını farketmedi ve gol oldu sanıp sevindi. Kimse ona topun aslında dışarı çıktığını söylemedi.",speaker,speaker,NAMENull gol attım diye düşünüyor.,finite,NAMENull kimin gol attığını düşünüyor?,35,f,Zeynep,Duygu,True,speaker,Trendyol/Trendyol-LLM-7b-base-v0.1
T36C,düşün,"Merhaba, ben SPEAKER. Ankara'da yaşayan bir öğrenciyim. NAMENull diye bir arkadaşım var. NAMENull beni haftasonu piknik yapmaya davet etti. Ona yalan atarak haftasonu İtalya'da olacağımı söyledim.",speaker,speaker,NAMENull İtalya'ya gideceğimi düşünüyor.,nominalized,NAMENull kimin İtalya'ya gideceğini düşünüyor?,36,m,Taner,Berk,False,shifted,Trendyol/Trendyol-LLM-7b-base-v0.1
T36D,düşün,"Merhaba, ben SPEAKER. Ankara'da yaşayan bir öğrenciyim. NAMENull diye bir arkadaşım var. Dolandırıcılar NAME-acc kandırarak ona İtalya'ya sahte uçak bileti sattılar. NAMENull dolandırıldığının farkında değil ve İtalya biletinin gerçek olduğunu düşünüyor.",speaker,shifted,NAMENull İtalya'ya gideceğimi düşünüyor.,nominalized,NAMENull kimin İtalya'ya gideceğini düşünüyor?,36,f,Melisa,Ebrar,True,speaker,Trendyol/Trendyol-LLM-7b-base-v0.1
T36A,düşün,"Merhaba, ben SPEAKER. Ankara'da yaşayan bir öğrenciyim. NAMENull diye bir arkadaşım var. NAMENull beni haftasonu piknik yapmaya davet etti. Ona yalan atarak haftasonu İtalya'da olacağımı söyledim.",speaker,speaker,NAMENull İtalya'ya gideceğim diye düşünüyor.,finite,NAMENull kimin İtalya'ya gideceğini düşünüyor?,36,m,Kenan,Emre,False,shifted,Trendyol/Trendyol-LLM-7b-base-v0.1
T36B,düşün,"Merhaba, ben SPEAKER. Ankara'da yaşayan bir öğrenciyim. NAMENull diye bir arkadaşım var. Dolandırıcılar NAME-acc kandırarak ona İtalya'ya sahte uçak bileti sattılar. NAMENull dolandırıldığının farkında değil ve İtalya biletinin gerçek olduğunu düşünüyor.",shifted,shifted,NAMENull İtalya'ya gideceğim diye düşünüyor.,finite,NAMENull kimin İtalya'ya gideceğini düşünüyor?,36,f,Özge,Nazlı,False,speaker,Trendyol/Trendyol-LLM-7b-base-v0.1
T37D,düşün,"Merhaba, ben SPEAKER. Ankara'da yaşayan bir öğrenciyim. NAMENull diye bir arkadaşım var. NAMENull hayatında ilk kez trafik cezası yedi ve çok üzüldü. Onu kandırdım ve ceza yediği için mahmemeye çıkacağını söyledim. Bunu duyunca NAMENull daha da üzüldü ve korkmaya başladı.",speaker,shifted,NAMENull mahkemeye çıkacağımı düşünüyor.,nominalized,NAMENull kimin mahkemeye çıkacağını düşünüyor?,37,f,Kübra,Ezgi,True,speaker,Trendyol/Trendyol-LLM-7b-base-v0.1
T37C,düşün,"Merhaba, ben SPEAKER. Ankara'da yaşayan bir öğrenciyim. NAMENull diye bir arkadaşım var. NAMENull beni şehir dışına tatil yapmaya çağırdı. Gitmemek için yalan attım ve ona bu haftasonu mahkemeye çıkacağımı söyledim.",speaker,speaker,NAMENull mahkemeye çıkacağımı düşünüyor.,nominalized,NAMENull kimin mahkemeye çıkacağını düşünüyor?,37,f,Cemre,Gamze,True,speaker,Trendyol/Trendyol-LLM-7b-base-v0.1
T37B,düşün,"Merhaba, ben SPEAKER. Ankara'da yaşayan bir öğrenciyim. NAMENull diye bir arkadaşım var. NAMENull hayatında ilk kez trafik cezası yedi ve çok üzüldü. Onu kandırdım ve ceza yediği için mahmemeye çıkacağını söyledim. Bunu duyunca NAMENull daha da üzüldü ve korkmaya başladı.",shifted,shifted,NAMENull mahkemeye çıkacağım diye düşünüyor.,finite,NAMENull kimin mahkemeye çıkacağını düşünüyor?,37,f,Berna,Fatma,True,shifted,Trendyol/Trendyol-LLM-7b-base-v0.1
T37A,düşün,"Merhaba, ben SPEAKER. Ankara'da yaşayan bir öğrenciyim. NAMENull diye bir arkadaşım var. NAMENull beni şehir dışına tatil yapmaya çağırdı. Gitmemek için yalan attım ve ona bu haftasonu mahkemeye çıkacağımı söyledim.",speaker,speaker,NAMENull mahkemeye çıkacağım diye düşünüyor.,finite,NAMENull kimin mahkemeye çıkacağını düşünüyor?,37,f,Merve,Gözde,False,shifted,Trendyol/Trendyol-LLM-7b-base-v0.1
T38A,düşün,"Merhaba, ben SPEAKER. Ankara'da yaşayan bir öğrenciyim. NAMENull diye bir arkadaşım var. NAME-dat başım ağrıdığını söyledim ve bana ilaç içmem konusunda ısrar etti. İlaç içmek istemediğim için ona yalan attım ve ilaç içtiğimi söyledim.",speaker,speaker,NAMENull ilaç içtim diye düşünüyor.,finite,NAMENull kimin ilaç içtiğini düşünüyor?,38,m,Burak,Can,True,speaker,Trendyol/Trendyol-LLM-7b-base-v0.1
T38C,düşün,"Merhaba, ben SPEAKER. Ankara'da yaşayan bir öğrenciyim. NAMENull diye bir arkadaşım var. NAME-dat başım ağrıdığını söyledim ve bana ilaç içmem konusunda ısrar etti. İlaç içmek istemediğim için ona yalan attım ve ilaç içtiğimi söyledim.",speaker,speaker,NAMENull ilaç içtiğimi düşünüyor.,nominalized,NAMENull kimin ilaç içtiğini düşünüyor?,38,m,Anıl,Mert,False,shifted,Trendyol/Trendyol-LLM-7b-base-v0.1
T38B,düşün,"Merhaba, ben SPEAKER. Ankara'da yaşayan bir öğrenciyim. NAMENull diye bir arkadaşım var. NAMENull başı ağrıdığı için ilaç içmek istedi. NAME-dat naneli şeker verip ona verdiğim şeyin ağrı kesici ilaç olduğunu söyledim. Şekeri yedikten sonra baş ağrısnın geçtiğini söyledi.",shifted,shifted,NAMENull ilaç içtim diye düşünüyor.,finite,NAMENull kimin ilaç içtiğini düşünüyor?,38,f,Ebrar,Tuğçe,False,speaker,Trendyol/Trendyol-LLM-7b-base-v0.1
T38D,düşün,"Merhaba, ben SPEAKER. Ankara'da yaşayan bir öğrenciyim. NAMENull diye bir arkadaşım var. NAMENull başı ağrıdığı için ilaç içmek istedi. NAME-dat naneli şeker verip ona verdiğim şeyin ağrı kesici ilaç olduğunu söyledim. Şekeri yedikten sonra baş ağrısnın geçtiğini söyledi.",speaker,shifted,NAMENull ilaç içtiğimi düşünüyor.,nominalized,NAMENull kimin ilaç içtiğini düşünüyor?,38,f,Melis,Derya,True,speaker,Trendyol/Trendyol-LLM-7b-base-v0.1
T39A,düşün,"Merhaba, ben SPEAKER. Ankara'da yaşayan bir öğrenciyim. NAMENull diye bir arkadaşım var. Beraber katıldığımız bir toplantıda ben en arkaya oturdum. NAMENull beni toplantıda göremeyince toplantıya başlamak için beni beklememizi önerdi.",speaker,speaker,NAMENull toplantıya geç kaldım diye düşünüyor.,finite,NAMENull kimin geç kaldığını düşünüyor?,39,f,Selin,Simge,False,shifted,Trendyol/Trendyol-LLM-7b-base-v0.1
T39C,düşün,"Merhaba, ben SPEAKER. Ankara'da yaşayan bir öğrenciyim. NAMENull diye bir arkadaşım var. Beraber katıldığımız bir toplantıda ben en arkaya oturdum. NAMENull beni toplantıda göremeyince toplantıya başlamak için beni beklememizi önerdi.",speaker,speaker,NAMENull toplantıya geç kaldığımı düşünüyor.,nominalized,NAMENull kimin geç kaldığını düşünüyor?,39,m,Burak,Can,True,speaker,Trendyol/Trendyol-LLM-7b-base-v0.1
T39D,düşün,"Merhaba, ben SPEAKER. Ankara'da yaşayan bir öğrenciyim. NAMENull diye bir arkadaşım var. NAMENull bir toplantıya katılacak, ama saatini geri almayı unutmuş ve o yüzden toplantının çoktan başladığını düşünüyor. Toplantıya daha yarım saat var.",speaker,shifted,NAMENull toplantıya geç kaldığımı düşünüyor.,nominalized,NAMENull kimin geç kaldığını düşünüyor?,39,m,Berkay,Oktay,False,shifted,Trendyol/Trendyol-LLM-7b-base-v0.1
T39B,düşün,"Merhaba, ben SPEAKER. Ankara'da yaşayan bir öğrenciyim. NAMENull diye bir arkadaşım var. NAMENull bir toplantıya katılacak, ama saatini geri almayı unutmuş ve o yüzden toplantının çoktan başladığını düşünüyor. Toplantıya daha yarım saat var.",shifted,shifted,NAMENull toplantıya geç kaldım diye düşünüyor.,finite,NAMENull kimin geç kaldığını düşünüyor?,39,f,Hilal,Ayşe,True,shifted,Trendyol/Trendyol-LLM-7b-base-v0.1
